what,kind,bundleId,bundleVersion,description,time
stopped,bundle,org.eclipse.ui.intro,3.4.100.v20110425,"org.eclipse.ui.intro",1345209462686
stopped,bundle,org.eclipse.help.base,3.6.2.v201202080800,"org.eclipse.help.base",1345209462687
stopped,bundle,org.eclipse.equinox.http.jetty,2.0.100.v20110502,"org.eclipse.equinox.http.jetty",1345209462687
stopped,bundle,org.eclipse.wst.server.preview,1.1.100.v20091208,"org.eclipse.wst.server.preview",1345209462687
stopped,bundle,org.eclipse.jst.server.generic.jboss,1.6.1.v200904151730,"org.eclipse.jst.server.generic.jboss",1345209462687
stopped,bundle,org.eclipse.jst.server.generic.jonas,1.5.205.v200805140145,"org.eclipse.jst.server.generic.jonas",1345209462687
stopped,bundle,org.eclipse.jst.server.generic.oc4j,1.5.206.v20090812,"org.eclipse.jst.server.generic.oc4j",1345209462687
stopped,bundle,org.eclipse.jst.server.websphere.core,1.0.302.v20080620,"org.eclipse.jst.server.websphere.core",1345209462687
stopped,bundle,org.eclipse.jst.server.generic.ui,1.0.505.v20100428,"org.eclipse.jst.server.generic.ui",1345209462687
stopped,bundle,org.eclipse.jst.server.generic.core,1.0.700.v20101219,"org.eclipse.jst.server.generic.core",1345209462687
stopped,bundle,org.eclipse.ant.ui,3.5.101.v20120110-1739,"org.eclipse.ant.ui",1345209462687
stopped,bundle,org.eclipse.ant.launching,1.0.101.v20120110-1739,"org.eclipse.ant.launching",1345209462687
stopped,bundle,org.eclipse.emf.importer.ecore,2.6.0.v20120130-0943,"org.eclipse.emf.importer.ecore",1345209462687
stopped,bundle,org.eclipse.emf.importer.java,2.6.0.v20120130-0943,"org.eclipse.emf.importer.java",1345209462687
stopped,bundle,org.eclipse.emf.importer.rose,2.6.0.v20120130-0943,"org.eclipse.emf.importer.rose",1345209462687
stopped,bundle,org.eclipse.emf.ant,2.7.0.v20120130-0943,"org.eclipse.emf.ant",1345209462688
stopped,bundle,org.eclipse.jdt.apt.pluggable.core,1.0.400.v20110305-1450,"org.eclipse.jdt.apt.pluggable.core",1345209462688
stopped,bundle,org.eclipse.jdt.apt.ui,3.3.300.v20110305-1450,"org.eclipse.jdt.apt.ui",1345209462688
stopped,bundle,org.eclipse.jst.ws.jaxb.core,1.0.100.v201104031139,"org.eclipse.jst.ws.jaxb.core",1345209462688
stopped,bundle,org.eclipse.jst.ws.annotations.core,1.1.0.v201104031139,"org.eclipse.jst.ws.annotations.core",1345209462688
stopped,bundle,org.eclipse.jdt.apt.core,3.3.500.v20110420-1015,"org.eclipse.jdt.apt.core",1345209462688
stopped,bundle,org.eclipse.mylyn.wikitext.ui,1.5.0.v20110608-1400,"org.eclipse.mylyn.wikitext.ui",1345209462688
stopped,bundle,org.eclipse.mylyn.wikitext.core,1.5.1.v20110720-0100,"org.eclipse.mylyn.wikitext.core",1345209462688
stopped,bundle,org.eclipse.wst.command.env.ui,1.1.103.v201102260635,"org.eclipse.wst.command.env.ui",1345209462688
stopped,bundle,org.eclipse.wst.command.env,1.0.409.v201004211805,"org.eclipse.wst.command.env",1345209462688
stopped,bundle,org.eclipse.ecf.provider.filetransfer.httpclient,4.0.0.v20110531-2218,"org.eclipse.ecf.provider.filetransfer.httpclient",1345209462688
stopped,bundle,org.eclipse.epp.mpc.core,1.1.1.I20110907-0947,"org.eclipse.epp.mpc.core",1345209462688
activated,perspective,org.eclipse.jdt.ui,,"org.eclipse.jdt.ui.JavaPerspective",1345209482638
started,bundle,org.eclipse.osgi,3.7.2.v20120110-1415,"org.eclipse.osgi",1345209482639
started,bundle,org.eclipse.equinox.simpleconfigurator,1.0.200.v20110815-1438,"org.eclipse.equinox.simpleconfigurator",1345209482639
started,bundle,com.ibm.icu,4.4.2.v20110823,"com.ibm.icu",1345209482640
started,bundle,org.eclipse.compare.core,3.5.200.I20110208-0800,"org.eclipse.compare.core",1345209482640
started,bundle,org.eclipse.core.contenttype,3.4.100.v20110423-0524,"org.eclipse.core.contenttype",1345209482640
started,bundle,org.eclipse.core.databinding.observable,1.4.0.I20110222-0800,"org.eclipse.core.databinding.observable",1345209482641
started,bundle,org.eclipse.core.expressions,3.4.300.v20110228,"org.eclipse.core.expressions",1345209482641
started,bundle,org.eclipse.core.filebuffers,3.5.200.v20110928-1504,"org.eclipse.core.filebuffers",1345209482641
started,bundle,org.eclipse.core.filesystem,1.3.100.v20110423-0524,"org.eclipse.core.filesystem",1345209482641
started,bundle,org.eclipse.core.jobs,3.5.101.v20120113-1953,"org.eclipse.core.jobs",1345209482641
started,bundle,org.eclipse.core.net,1.2.100.I20110511-0800,"org.eclipse.core.net",1345209482641
started,bundle,org.eclipse.core.resources,3.7.101.v20120125-1505,"org.eclipse.core.resources",1345209482641
started,bundle,org.eclipse.core.runtime,3.7.0.v20110110,"org.eclipse.core.runtime",1345209482641
started,bundle,org.eclipse.core.runtime.compatibility,3.2.100.v20100505,"org.eclipse.core.runtime.compatibility",1345209482642
started,bundle,org.eclipse.core.runtime.compatibility.auth,3.2.200.v20110110,"org.eclipse.core.runtime.compatibility.auth",1345209482642
started,bundle,org.eclipse.core.variables,3.2.500.v20110928-1503,"org.eclipse.core.variables",1345209482642
started,bundle,org.eclipse.debug.core,3.7.1.v20111129-2031,"org.eclipse.debug.core",1345209482642
started,bundle,org.eclipse.epp.mpc.ui,1.1.1.I20110907-0947,"org.eclipse.epp.mpc.ui",1345209482642
started,bundle,org.eclipse.epp.usagedata.gathering,1.3.1.R201106061540,"org.eclipse.epp.usagedata.gathering",1345209482643
started,bundle,org.eclipse.epp.usagedata.recording,1.3.1.R201106061540,"org.eclipse.epp.usagedata.recording",1345209482643
started,bundle,org.eclipse.equinox.app,1.3.100.v20110321,"org.eclipse.equinox.app",1345209482643
started,bundle,org.eclipse.equinox.common,3.6.0.v20110523,"org.eclipse.equinox.common",1345209482643
started,bundle,org.eclipse.equinox.ds,1.3.1.R37x_v20110701,"org.eclipse.equinox.ds",1345209482649
started,bundle,org.eclipse.equinox.event,1.2.100.v20110502,"org.eclipse.equinox.event",1345209482650
started,bundle,org.eclipse.equinox.p2.artifact.repository,1.1.101.v20110815-1419,"org.eclipse.equinox.p2.artifact.repository",1345209482650
started,bundle,org.eclipse.equinox.p2.core,2.1.1.v20120113-1346,"org.eclipse.equinox.p2.core",1345209482655
started,bundle,org.eclipse.equinox.p2.director,2.1.1.v20111126-0211,"org.eclipse.equinox.p2.director",1345209482656
started,bundle,org.eclipse.equinox.p2.directorywatcher,1.0.300.v20110815-1419,"org.eclipse.equinox.p2.directorywatcher",1345209482656
started,bundle,org.eclipse.equinox.p2.engine,2.1.1.R37x_v20111003,"org.eclipse.equinox.p2.engine",1345209482656
started,bundle,org.eclipse.equinox.p2.extensionlocation,1.2.100.v20110815-1419,"org.eclipse.equinox.p2.extensionlocation",1345209482657
started,bundle,org.eclipse.equinox.p2.metadata,2.1.0.v20110815-1419,"org.eclipse.equinox.p2.metadata",1345209482657
started,bundle,org.eclipse.equinox.p2.metadata.repository,1.2.0.v20110815-1419,"org.eclipse.equinox.p2.metadata.repository",1345209482657
started,bundle,org.eclipse.equinox.p2.operations,2.1.1.R37x_v20111111,"org.eclipse.equinox.p2.operations",1345209482658
started,bundle,org.eclipse.equinox.p2.publisher,1.2.0.v20110815-1419,"org.eclipse.equinox.p2.publisher",1345209482658
started,bundle,org.eclipse.equinox.p2.reconciler.dropins,1.1.100.v20110815-1419,"org.eclipse.equinox.p2.reconciler.dropins",1345209482658
started,bundle,org.eclipse.equinox.p2.repository,2.1.1.v20120113-1346,"org.eclipse.equinox.p2.repository",1345209482659
started,bundle,org.eclipse.equinox.p2.touchpoint.eclipse,2.1.1.v20110815-1419,"org.eclipse.equinox.p2.touchpoint.eclipse",1345209482659
started,bundle,org.eclipse.equinox.p2.ui.sdk.scheduler,1.0.100.v20110815-1419,"org.eclipse.equinox.p2.ui.sdk.scheduler",1345209482659
started,bundle,org.eclipse.equinox.p2.updatechecker,1.1.200.v20110815-1419,"org.eclipse.equinox.p2.updatechecker",1345209482659
started,bundle,org.eclipse.equinox.preferences,3.4.2.v20120111-2020,"org.eclipse.equinox.preferences",1345209482659
started,bundle,org.eclipse.equinox.registry,3.5.101.R37x_v20110810-1611,"org.eclipse.equinox.registry",1345209482659
started,bundle,org.eclipse.equinox.security,1.1.1.R37x_v20110822-1018,"org.eclipse.equinox.security",1345209482660
started,bundle,org.eclipse.equinox.util,1.0.300.v20110502,"org.eclipse.equinox.util",1345209482660
started,bundle,org.eclipse.help,3.5.100.v20110426,"org.eclipse.help",1345209482660
started,bundle,org.eclipse.jdt.apt.core,3.3.500.v20110420-1015,"org.eclipse.jdt.apt.core",1345209482660
started,bundle,org.eclipse.jdt.core,3.7.3.v20120119-1537,"org.eclipse.jdt.core",1345209482660
started,bundle,org.eclipse.jdt.core.manipulation,1.4.0.v20110928-1453,"org.eclipse.jdt.core.manipulation",1345209482660
started,bundle,org.eclipse.jdt.junit,3.7.0.v20110928-1453,"org.eclipse.jdt.junit",1345209482661
started,bundle,org.eclipse.jdt.launching,3.6.1.v20111006_r372,"org.eclipse.jdt.launching",1345209482661
started,bundle,org.eclipse.jdt.ui,3.7.2.v20120109-1427,"org.eclipse.jdt.ui",1345209482661
started,bundle,org.eclipse.jface,3.7.0.v20110928-1505,"org.eclipse.jface",1345209482661
started,bundle,org.eclipse.jsch.core,1.1.300.I20110514-0800,"org.eclipse.jsch.core",1345209482661
started,bundle,org.eclipse.jst.ws.jaxws.utils,1.0.100.v201201031437,"org.eclipse.jst.ws.jaxws.utils",1345209482671
started,bundle,org.eclipse.ltk.core.refactoring,3.5.201.r372_v20111101-0700,"org.eclipse.ltk.core.refactoring",1345209482671
started,bundle,org.eclipse.ltk.ui.refactoring,3.6.0.v20110928-1453,"org.eclipse.ltk.ui.refactoring",1345209482671
started,bundle,org.eclipse.mylyn.bugzilla.core,3.6.5.v20120123-0100,"org.eclipse.mylyn.bugzilla.core",1345209482671
started,bundle,org.eclipse.mylyn.bugzilla.ui,3.6.0.v20110608-1400,"org.eclipse.mylyn.bugzilla.ui",1345209482672
started,bundle,org.eclipse.mylyn.commons.identity,0.8.0.v20110608-1400,"org.eclipse.mylyn.commons.identity",1345209482672
started,bundle,org.eclipse.mylyn.commons.net,3.6.0.v20110608-1400,"org.eclipse.mylyn.commons.net",1345209482672
started,bundle,org.eclipse.mylyn.commons.ui,3.6.1.v20110720-0100,"org.eclipse.mylyn.commons.ui",1345209482673
started,bundle,org.eclipse.mylyn.context.core,3.6.1.v20110720-0100,"org.eclipse.mylyn.context.core",1345209482673
started,bundle,org.eclipse.mylyn.context.ui,3.6.1.v20120112-0100,"org.eclipse.mylyn.context.ui",1345209482673
started,bundle,org.eclipse.mylyn.monitor.ui,3.6.0.v20110608-1400,"org.eclipse.mylyn.monitor.ui",1345209482673
started,bundle,org.eclipse.mylyn.tasks.ui,3.6.5.v20120215-0100,"org.eclipse.mylyn.tasks.ui",1345209482673
started,bundle,org.eclipse.mylyn.team.ui,3.6.1.v20110825-0100,"org.eclipse.mylyn.team.ui",1345209482691
started,bundle,org.eclipse.pde.launching,3.6.0.v20110506,"org.eclipse.pde.launching",1345209482691
started,bundle,org.eclipse.pde.ui,3.6.100.v20120103_r372,"org.eclipse.pde.ui",1345209482691
started,bundle,org.eclipse.search,3.7.0.v20110928-1504,"org.eclipse.search",1345209482691
started,bundle,org.eclipse.team.core,3.6.0.I20110525-0800,"org.eclipse.team.core",1345209482692
started,bundle,org.eclipse.team.cvs.core,3.3.400.I20110510-0800,"org.eclipse.team.cvs.core",1345209482694
started,bundle,org.eclipse.team.cvs.ui,3.3.401.v20120126-1227,"org.eclipse.team.cvs.ui",1345209482694
started,bundle,org.eclipse.team.ui,3.6.101.R37x_v20111109-0800,"org.eclipse.team.ui",1345209482694
started,bundle,org.eclipse.ui,3.7.0.v20110928-1505,"org.eclipse.ui",1345209482694
started,bundle,org.eclipse.ui.console,3.5.100.v20111007_r372,"org.eclipse.ui.console",1345209482694
started,bundle,org.eclipse.ui.editors,3.7.0.v20110928-1504,"org.eclipse.ui.editors",1345209482694
started,bundle,org.eclipse.ui.forms,3.5.101.v20111011-1919,"org.eclipse.ui.forms",1345209482695
started,bundle,org.eclipse.ui.ide,3.7.0.v20110928-1505,"org.eclipse.ui.ide",1345209482695
started,bundle,org.eclipse.ui.net,1.2.100.v20111208-1155,"org.eclipse.ui.net",1345209482695
started,bundle,org.eclipse.ui.views,3.6.0.v20110928-1505,"org.eclipse.ui.views",1345209482695
started,bundle,org.eclipse.ui.views.log,1.0.200.v20110404,"org.eclipse.ui.views.log",1345209482695
started,bundle,org.eclipse.ui.workbench,3.7.1.v20120104-1859,"org.eclipse.ui.workbench",1345209482695
started,bundle,org.eclipse.ui.workbench.texteditor,3.7.0.v20110928-1504,"org.eclipse.ui.workbench.texteditor",1345209482695
started,bundle,org.eclipse.update.configurator,3.3.100.v20100512,"org.eclipse.update.configurator",1345209482696
started,bundle,org.eclipse.update.core,3.2.500.v20110330,"org.eclipse.update.core",1345209482696
started,bundle,org.eclipse.update.scheduler,3.2.300.v20100512,"org.eclipse.update.scheduler",1345209482696
started,bundle,org.eclipse.wst.common.project.facet.core,1.4.201.v201201101553,"org.eclipse.wst.common.project.facet.core",1345209482696
started,bundle,org.eclipse.wst.web,1.1.501.v201201190400,"org.eclipse.wst.web",1345209482701
started,bundle,com.android.ide.eclipse.adt,20.0.3.v201208082019-427395,"com.android.ide.eclipse.adt",1345209482701
started,bundle,com.android.ide.eclipse.base,20.0.3.v201208082019-427395,"com.android.ide.eclipse.base",1345209482701
os,sysinfo,,,"linux",1345209482704
arch,sysinfo,,,"x86_64",1345209482704
ws,sysinfo,,,"gtk",1345209482704
locale,sysinfo,,,"de_DE",1345209482704
processors,sysinfo,,,"2",1345209482704
java.runtime.name,sysinfo,,,"OpenJDK Runtime Environment",1345209482704
java.runtime.version,sysinfo,,,"1.6.0_24-b24",1345209482704
java.specification.name,sysinfo,,,"Java Platform API Specification",1345209482704
java.specification.vendor,sysinfo,,,"Sun Microsystems Inc.",1345209482704
java.specification.version,sysinfo,,,"1.6",1345209482704
java.vendor,sysinfo,,,"Sun Microsystems Inc.",1345209482704
java.version,sysinfo,,,"1.6.0_24",1345209482704
java.vm.info,sysinfo,,,"mixed mode",1345209482704
java.vm.name,sysinfo,,,"OpenJDK 64-Bit Server VM",1345209482704
java.vm.specification.name,sysinfo,,,"Java Virtual Machine Specification",1345209482704
java.vm.specification.vendor,sysinfo,,,"Sun Microsystems Inc.",1345209482704
java.vm.specification.version,sysinfo,,,"1.0",1345209482704
java.vm.vendor,sysinfo,,,"Sun Microsystems Inc.",1345209482704
java.vm.version,sysinfo,,,"20.0-b12",1345209482704
opened,view,org.eclipse.ui.ide,3.7.0.v20110928-1505,"org.eclipse.ui.views.ProblemView",1345209485190
activated,workbench,org.eclipse.ui.workbench,3.7.1.v20120104-1859,"",1345209486742
deactivated,workbench,org.eclipse.ui.workbench,3.7.1.v20120104-1859,"",1345209486883
activated,workbench,org.eclipse.ui.workbench,3.7.1.v20120104-1859,"",1345210818309
started,bundle,org.eclipse.equinox.p2.ui.sdk,1.0.200.v20110815-1419,"org.eclipse.equinox.p2.ui.sdk",1345210821922
started,bundle,org.eclipse.equinox.p2.ui,2.1.1.v20120113-1346,"org.eclipse.equinox.p2.ui",1345210821941
executed,command,org.eclipse.equinox.p2.ui.sdk,1.0.200.v20110815-1419,"org.eclipse.equinox.p2.ui.sdk.update",1345210822017
started,bundle,org.eclipse.equinox.p2.transport.ecf,1.0.0.v20111128-0624,"org.eclipse.equinox.p2.transport.ecf",1345210822022
started,bundle,org.eclipse.ecf.filetransfer,5.0.0.v20110531-2218,"org.eclipse.ecf.filetransfer",1345210822036
started,bundle,org.eclipse.ecf.identity,3.1.100.v20110531-2218,"org.eclipse.ecf.identity",1345210822072
started,bundle,org.eclipse.ecf,3.1.300.v20110531-2218,"org.eclipse.ecf",1345210822110
started,bundle,org.eclipse.ecf.provider.filetransfer.httpclient,4.0.0.v20110531-2218,"org.eclipse.ecf.provider.filetransfer.httpclient",1345210822142
started,bundle,org.eclipse.ecf.provider.filetransfer,3.2.0.v20110531-2218,"org.eclipse.ecf.provider.filetransfer",1345210822149
deactivated,workbench,org.eclipse.ui.workbench,3.7.1.v20120104-1859,"",1345210822405
started,bundle,org.eclipse.wst.sse.core,1.1.602.v201112071516,"org.eclipse.wst.sse.core",1345210822786
started,bundle,org.eclipse.jst.common.project.facet.core,1.4.200.v201103170302,"org.eclipse.jst.common.project.facet.core",1345210822995
started,bundle,org.eclipse.jst.ws.jaxrs.core,1.0.301.v201108240656,"org.eclipse.jst.ws.jaxrs.core",1345210823021
started,bundle,org.eclipse.jpt.common.core,1.0.2.v201111103010,"org.eclipse.jpt.common.core",1345210823044
started,bundle,org.eclipse.jpt.jpa.core,3.0.2.v201201243020,"org.eclipse.jpt.jpa.core",1345210823044
started,bundle,org.eclipse.wst.xml.core,1.1.602.v201201091944,"org.eclipse.wst.xml.core",1345210823110
started,bundle,org.eclipse.wst.common.uriresolver,1.1.401.v201004280700,"org.eclipse.wst.common.uriresolver",1345210823261
started,bundle,org.eclipse.equinox.p2.updatesite,1.0.300.v20110815-1419,"org.eclipse.equinox.p2.updatesite",1345210870851
started,bundle,org.eclipse.equinox.p2.publisher.eclipse,1.0.0.v20110815-1438,"org.eclipse.equinox.p2.publisher.eclipse",1345210871615
started,bundle,org.eclipse.equinox.p2.garbagecollector,1.0.200.v20110815-1419,"org.eclipse.equinox.p2.garbagecollector",1345210871647
activated,workbench,org.eclipse.ui.workbench,3.7.1.v20120104-1859,"",1345210903319
deactivated,workbench,org.eclipse.ui.workbench,3.7.1.v20120104-1859,"",1345210907189
executed,command,org.eclipse.ui,3.7.0.v20110928-1505,"org.eclipse.ui.help.aboutAction",1345210922153
activated,workbench,org.eclipse.ui.workbench,3.7.1.v20120104-1859,"",1345210922176
deactivated,workbench,org.eclipse.ui.workbench,3.7.1.v20120104-1859,"",1345210923992
closed,workbench,org.eclipse.ui.workbench,3.7.1.v20120104-1859,"",1345210925549
started,bundle,org.eclipse.compare,3.5.202.R37x_v20111109-0800,"org.eclipse.compare",1345210925916
stopped,bundle,org.eclipse.jst.ws.axis.creation.ui,1.0.700.v201104070312,"org.eclipse.jst.ws.axis.creation.ui",1345210926095
stopped,bundle,org.eclipse.jst.ws.axis.consumption.ui,1.0.505.v201004211805,"org.eclipse.jst.ws.axis.consumption.ui",1345210926099
stopped,bundle,org.eclipse.jst.ws.axis.consumption.core,1.0.407.v201104071820,"org.eclipse.jst.ws.axis.consumption.core",1345210926099
stopped,bundle,org.eclipse.jst.ws.axis2.creation.ui,1.0.104.v201004211805,"org.eclipse.jst.ws.axis2.creation.ui",1345210926099
stopped,bundle,org.eclipse.jst.ws.axis2.consumption.ui,1.0.103.v201004211805,"org.eclipse.jst.ws.axis2.consumption.ui",1345210926099
stopped,bundle,org.eclipse.jst.ws.axis2.creation.core,1.0.106.v201004211805,"org.eclipse.jst.ws.axis2.creation.core",1345210926104
stopped,bundle,org.eclipse.jst.ws.axis2.consumption.core,1.0.105.v201004211805,"org.eclipse.jst.ws.axis2.consumption.core",1345210926105
stopped,bundle,org.eclipse.jst.ws.axis2.ui,1.0.303.v201003110431,"org.eclipse.jst.ws.axis2.ui",1345210926105
stopped,bundle,org.eclipse.jst.ws.axis2.core,1.0.204.v201004211805,"org.eclipse.jst.ws.axis2.core",1345210926105
stopped,bundle,org.eclipse.jst.ws.cxf.creation.ui,1.0.100.v201104022153,"org.eclipse.jst.ws.cxf.creation.ui",1345210926106
stopped,bundle,org.eclipse.jst.ws.creation.ui,1.0.609.v201103082016,"org.eclipse.jst.ws.creation.ui",1345210926106
stopped,bundle,org.eclipse.jst.ws.cxf.consumption.ui,1.0.0.v201003222311,"org.eclipse.jst.ws.cxf.consumption.ui",1345210926106
stopped,bundle,org.eclipse.jst.ws.consumption.ui,1.1.402.v201201250306,"org.eclipse.jst.ws.consumption.ui",1345210926106
stopped,bundle,org.eclipse.jst.ws.consumption,1.0.603.v201202012024,"org.eclipse.jst.ws.consumption",1345210926106
stopped,bundle,org.eclipse.jst.ws.cxf.consumption.core,1.0.0.v201003222311,"org.eclipse.jst.ws.cxf.consumption.core",1345210926106
stopped,bundle,org.eclipse.jst.ws.cxf.creation.core,1.0.100.v201104022153,"org.eclipse.jst.ws.cxf.creation.core",1345210926115
stopped,bundle,org.eclipse.jst.ws.cxf.ui,1.0.0.v201004171919,"org.eclipse.jst.ws.cxf.ui",1345210926116
stopped,bundle,org.eclipse.jst.ws.cxf.core,1.0.100.v201104022153,"org.eclipse.jst.ws.cxf.core",1345210926116
stopped,bundle,org.eclipse.jst.ws.uddiregistry,1.0.500.v201004211805,"org.eclipse.jst.ws.uddiregistry",1345210926116
stopped,bundle,org.eclipse.jst.ws.ui,1.0.403.v201004211805,"org.eclipse.jst.ws.ui",1345210926116
stopped,bundle,org.eclipse.jst.ws,1.0.509.v201108250610,"org.eclipse.jst.ws",1345210926123
stopped,bundle,org.eclipse.wst.ws.explorer,1.0.607.v201103082002,"org.eclipse.wst.ws.explorer",1345210926123
stopped,bundle,org.eclipse.wst.wsdl.ui,1.2.403.v201108240515,"org.eclipse.wst.wsdl.ui",1345210926123
stopped,bundle,org.eclipse.wst.ws.ui,1.1.200.v201004211805,"org.eclipse.wst.ws.ui",1345210926123
stopped,bundle,org.eclipse.wst.wsi.ui,1.0.502.v201104071820,"org.eclipse.wst.wsi.ui",1345210926124
stopped,bundle,org.eclipse.wst.wsi,1.0.401.v201104071820,"org.eclipse.wst.wsi",1345210926124
stopped,bundle,org.eclipse.wst.ws,1.1.203.v201004211805,"org.eclipse.wst.ws",1345210926124
stopped,bundle,org.eclipse.jst.j2ee.webservice.ui,1.1.500.v201105122000,"org.eclipse.jst.j2ee.webservice.ui",1345210926124
stopped,bundle,org.eclipse.jst.j2ee.webservice,1.1.400.v201004110600,"org.eclipse.jst.j2ee.webservice",1345210926124
stopped,bundle,org.eclipse.wst.ws.parser,1.0.403.v201004211805,"org.eclipse.wst.ws.parser",1345210926124
stopped,bundle,org.eclipse.jpt.dbws.eclipselink.ui,1.0.0.v201104110000,"org.eclipse.jpt.dbws.eclipselink.ui",1345210926124
stopped,bundle,org.eclipse.jst.ws.jaxws.ui,1.0.100.v201104032053,"org.eclipse.jst.ws.jaxws.ui",1345210926125
stopped,bundle,org.eclipse.jst.ws.jaxws.core,1.0.100.v201104031139,"org.eclipse.jst.ws.jaxws.core",1345210926125
stopped,bundle,org.eclipse.mylyn.bugzilla.ui,3.6.0.v20110608-1400,"org.eclipse.mylyn.bugzilla.ui",1345210926125
stopped,bundle,org.eclipse.mylyn.bugzilla.core,3.6.5.v20120123-0100,"org.eclipse.mylyn.bugzilla.core",1345210926125
stopped,bundle,org.eclipse.mylyn.commons.xmlrpc,3.6.0.v20110608-1400,"org.eclipse.mylyn.commons.xmlrpc",1345210926132
stopped,bundle,org.eclipse.datatools.enablement.oda.ws.ui,1.2.3.v201112061438,"org.eclipse.datatools.enablement.oda.ws.ui",1345210926132
stopped,bundle,org.eclipse.datatools.enablement.oda.ws,1.2.3.v201112061438,"org.eclipse.datatools.enablement.oda.ws",1345210926132
stopped,bundle,org.eclipse.wst.wsdl,1.2.202.v201108230355,"org.eclipse.wst.wsdl",1345210926133
stopped,bundle,org.eclipse.wst.wsdl.validation,1.1.502.v201104071820,"org.eclipse.wst.wsdl.validation",1345210926133
stopped,bundle,org.eclipse.wst.xsl.exslt.ui,1.0.0.v201006012005,"org.eclipse.wst.xsl.exslt.ui",1345210926133
stopped,bundle,org.eclipse.wst.xsl.jaxp.debug.ui,1.0.200.v201103081922,"org.eclipse.wst.xsl.jaxp.debug.ui",1345210926133
stopped,bundle,org.eclipse.wst.xsl.ui,1.1.200.v201103082057,"org.eclipse.wst.xsl.ui",1345210926133
stopped,bundle,org.eclipse.wst.xml.xpath.ui,1.1.100.v201105030025,"org.eclipse.wst.xml.xpath.ui",1345210926133
stopped,bundle,org.eclipse.wst.xsl.debug.ui,1.0.200.v201101281837,"org.eclipse.wst.xsl.debug.ui",1345210926133
stopped,bundle,org.eclipse.wst.xsl.jaxp.launching,1.0.200.v201103081922,"org.eclipse.wst.xsl.jaxp.launching",1345210926133
stopped,bundle,org.eclipse.wst.xsl.launching,1.0.200.v201103081922,"org.eclipse.wst.xsl.launching",1345210926133
stopped,bundle,org.eclipse.wst.xsl.core,1.1.100.v201102270516,"org.eclipse.wst.xsl.core",1345210926133
stopped,bundle,org.eclipse.wst.xml.xpath.core,1.2.1.v201109010357,"org.eclipse.wst.xml.xpath.core",1345210926133
stopped,bundle,org.eclipse.datatools.enablement.oda.xml.ui,1.2.3.v201112071047,"org.eclipse.datatools.enablement.oda.xml.ui",1345210926133
stopped,bundle,org.eclipse.datatools.enablement.oda.xml,1.2.3.v201112061438,"org.eclipse.datatools.enablement.oda.xml",1345210926133
stopped,bundle,org.eclipse.jst.jsf.apache.trinidad.tagsupport,1.1.200.v201104061711,"org.eclipse.jst.jsf.apache.trinidad.tagsupport",1345210926133
stopped,bundle,org.eclipse.jst.jsf.facelet.ui,1.0.1.v201104032306,"org.eclipse.jst.jsf.facelet.ui",1345210926133
stopped,bundle,org.eclipse.jst.jsf.facelet.core,1.0.100.v201104191527,"org.eclipse.jst.jsf.facelet.core",1345210926133
stopped,bundle,org.eclipse.jst.jsf.facesconfig.ui,1.2.2.v201103292152,"org.eclipse.jst.jsf.facesconfig.ui",1345210926133
stopped,bundle,org.eclipse.jst.jsf.ui,1.3.2.v201104251204,"org.eclipse.jst.jsf.ui",1345210926133
stopped,bundle,org.eclipse.jst.pagedesigner.jsf.ui,1.2.100.v201104061711,"org.eclipse.jst.pagedesigner.jsf.ui",1345210926133
stopped,bundle,org.eclipse.jst.pagedesigner,1.3.104.v201201181342,"org.eclipse.jst.pagedesigner",1345210926133
stopped,bundle,org.eclipse.jst.jsf.core,1.3.105.v201108261005,"org.eclipse.jst.jsf.core",1345210926133
stopped,bundle,org.eclipse.jst.jsf.common.ui,1.2.100.v201104061711,"org.eclipse.jst.jsf.common.ui",1345210926134
stopped,bundle,org.eclipse.jst.jsf.standard.tagsupport,1.2.100.v201104061711,"org.eclipse.jst.jsf.standard.tagsupport",1345210926134
stopped,bundle,org.eclipse.jst.pagedesigner.jsp.core,1.2.0.v20100308,"org.eclipse.jst.pagedesigner.jsp.core",1345210926134
stopped,bundle,org.eclipse.jst.jsf.common,1.2.3.v201104061039,"org.eclipse.jst.jsf.common",1345210926134
stopped,bundle,org.eclipse.wst.jsdt.web.support.jsp,1.0.400.v201102241833,"org.eclipse.wst.jsdt.web.support.jsp",1345210926134
stopped,bundle,org.eclipse.jst.jsp.ui,1.1.602.v201112071516,"org.eclipse.jst.jsp.ui",1345210926134
stopped,bundle,org.eclipse.jst.jsp.core,1.2.402.v201112071853,"org.eclipse.jst.jsp.core",1345210926134
stopped,bundle,org.eclipse.wst.jsdt.web.ui,1.0.401.v201108152113,"org.eclipse.wst.jsdt.web.ui",1345210926134
stopped,bundle,org.eclipse.jpt.jaxb.eclipselink.ui,1.1.0.v201105110000,"org.eclipse.jpt.jaxb.eclipselink.ui",1345210926134
stopped,bundle,org.eclipse.jpt.jaxb.ui,1.1.2.v201201260000,"org.eclipse.jpt.jaxb.ui",1345210926134
stopped,bundle,org.eclipse.jpt.jpa.eclipselink.ui,2.0.1.v201108080010,"org.eclipse.jpt.jpa.eclipselink.ui",1345210926134
stopped,bundle,org.eclipse.jpt.jpa.ui,3.0.2.v201201243020,"org.eclipse.jpt.jpa.ui",1345210926134
stopped,bundle,org.eclipse.jst.j2ee.ejb.annotations.ui,1.1.200.v201004290730,"org.eclipse.jst.j2ee.ejb.annotations.ui",1345210926134
stopped,bundle,org.eclipse.jst.ejb.ui,1.1.601.v201201261600,"org.eclipse.jst.ejb.ui",1345210926134
stopped,bundle,org.eclipse.jst.servlet.ui,1.1.502.v201202011054,"org.eclipse.jst.servlet.ui",1345210926134
stopped,bundle,org.eclipse.jst.ws.jaxws.dom.integration,1.0.101.v201201031437,"org.eclipse.jst.ws.jaxws.dom.integration",1345210926134
stopped,bundle,org.eclipse.jst.jee.ui,1.0.401.v201202011107,"org.eclipse.jst.jee.ui",1345210926134
stopped,bundle,org.eclipse.jst.j2ee.navigator.ui,1.1.501.v201107261503,"org.eclipse.jst.j2ee.navigator.ui",1345210926134
stopped,bundle,org.eclipse.jst.j2ee.jca.ui,1.1.400.v201004150700,"org.eclipse.jst.j2ee.jca.ui",1345210926134
stopped,bundle,org.eclipse.jst.j2ee.ui,1.1.503.v201201190400,"org.eclipse.jst.j2ee.ui",1345210926135
stopped,bundle,org.eclipse.wst.web.ui,1.1.500.v201111030500,"org.eclipse.wst.web.ui",1345210926135
stopped,bundle,org.eclipse.wst.html.ui,1.0.602.v201202091936,"org.eclipse.wst.html.ui",1345210926135
stopped,bundle,org.eclipse.wst.css.ui,1.0.601.v201201101544,"org.eclipse.wst.css.ui",1345210926135
stopped,bundle,org.eclipse.wst.jsdt.web.core,1.0.401.v201108152113,"org.eclipse.wst.jsdt.web.core",1345210926135
stopped,bundle,org.eclipse.wst.html.core,1.1.502.v201202091936,"org.eclipse.wst.html.core",1345210926135
stopped,bundle,org.eclipse.wst.css.core,1.1.501.v201111292150,"org.eclipse.wst.css.core",1345210926135
